{\rtf1\ansi\ansicpg1252\cocoartf1187\cocoasubrtf400
{\fonttbl\f0\fswiss\fcharset0 Helvetica;}
{\colortbl;\red255\green255\blue255;}
\paperw11900\paperh16840\margl1440\margr1440\vieww10800\viewh8400\viewkind0
\pard\tx566\tx1133\tx1700\tx2267\tx2834\tx3401\tx3968\tx4535\tx5102\tx5669\tx6236\tx6803\pardirnatural

\f0\fs24 \cf0 \{\
 "numParts": 25,\
 "posOffsetX": 0,\
 "posOffsetY": 120,\
 "posRadius": 30,\
 "posRadialStart": 4.363323129985823,\
 "posRadialEnd": 5.061454830783556,\
 "posWidth": 100,\
 "posHeight": 100,\
 "posAngle": 0,\
 "posLength": 100,\
 "posConstrain": true,\
 "posShape": "Radial",\
 "maxVel": 100,\
 "minVel": 70,\
 "velConstrain": false,\
 "velShape": "Constant",\
 "velOffsetX": 0,\
 "velOffsetY": -120,\
 "velAngMin": 0,\
 "velAngMax": 0,\
 "velRadius": 100,\
 "velRadialStart": 0,\
 "velRadialEnd": 6.283185307179586,\
 "velWidth": 100,\
 "velHeight": 100,\
 "velAngle": 0,\
 "velLength": 30,\
 "minStartTime": 1,\
 "maxStartTime": 6,\
 "minLifespan": 4,\
 "maxLifespan": 5,\
 "gravity": "0.02",\
 "startSize": "120",\
 "endSize": "10",\
 "loop": true,\
 "DSR": [\
  "0.01",\
  "0.5"\
 ],\
 "alpha": "1",\
 "startCol": [\
  0.9686274509803922,\
  0.9764705882352941,\
  1\
 ],\
 "attackCol": [\
  0.5294117647058824,\
  0.9568627450980393,\
  1\
 ],\
 "decayCol": [\
  0,\
  0.6705882352941176,\
  1\
 ],\
 "sustainCol": [\
  0.12156862745098039,\
  0.2,\
  1\
 ],\
 "alphaGradient": [\
  0,\
  0.8,\
  0.1,\
  0\
 ],\
 "alphaStops": [\
  0.3,\
  0.7\
 ],\
  "cells": [\
    1\
  ],\
  "textureID": "_128x128"\
\}}