{\rtf1\ansi\ansicpg1252\cocoartf1187\cocoasubrtf400
{\fonttbl\f0\fswiss\fcharset0 Helvetica;}
{\colortbl;\red255\green255\blue255;}
\paperw11900\paperh16840\margl1440\margr1440\vieww10800\viewh8400\viewkind0
\pard\tx566\tx1133\tx1700\tx2267\tx2834\tx3401\tx3968\tx4535\tx5102\tx5669\tx6236\tx6803\pardirnatural

\f0\fs24 \cf0 \{\
 "numParts": 1,\
 "posOffsetX": 0,\
 "posOffsetY": 0,\
 "posRadius": 50,\
 "posRadialStart": 4.363323129985823,\
 "posRadialEnd": 5.061454830783556,\
 "posWidth": 100,\
 "posHeight": 100,\
 "posAngle": 0,\
 "posLength": 100,\
 "posConstrain": true,\
 "posShape": "Constant",\
 "maxVel": 100,\
 "minVel": 70,\
 "velConstrain": false,\
 "velShape": "Constant",\
 "velOffsetX": 0,\
 "velOffsetY": 0,\
 "velAngMin": 0,\
 "velAngMax": 0,\
 "velRadius": 100,\
 "velRadialStart": 0,\
 "velRadialEnd": 6.283185307179586,\
 "velWidth": 100,\
 "velHeight": 100,\
 "velAngle": 0,\
 "velLength": 30,\
 "minStartTime": 1,\
 "maxStartTime": 1,\
 "minLifespan": 1,\
 "maxLifespan": 1,\
 "gravity": "-0.03",\
 "startSize": "4",\
 "endSize": "150",\
 "loop": true,\
 "DSR": [\
  "0.3",\
  "0.7"\
 ],\
 "alpha": "1",\
 "startCol": [\
  1,\
  1,\
  1\
 ],\
 "attackCol": [\
  1,\
  1,\
  1\
 ],\
 "decayCol": [\
  0.8235294117647058,\
  0.8235294117647058,\
  0.8235294117647058\
 ],\
 "sustainCol": [\
  0.6627450980392157,\
  0.6627450980392157,\
  0.6627450980392157\
 ],\
 "alphaGradient": [\
  1,\
  1,\
  1,\
  0\
 ],\
 "alphaStops": [\
  0.3,\
  0.7\
],\
  "cells": [\
    18\
  ],\
  "textureID": "_128x128"\
\}}